{"count":1,"gauges":{},"self":4.0007736,"total":4.1412675,"children":{"AgentSendState":{"count":168,"self":0.0100396,"total":0.0130265,"children":{"CollectObservations":{"count":408,"self":0.0019648,"total":0.0019648,"children":null},"CollectDiscreteActionMasks":{"count":408,"self":0.0010221,"total":0.0010221,"children":null}}},"DecideAction":{"count":168,"self":0.11640729999999999,"total":0.11640729999999999,"children":null},"AgentAct":{"count":168,"self":0.0080593,"total":0.0080593,"children":null}}}